{"keras_version": "2.2.4", "class_name": "Sequential", "backend": "tensorflow", "config": {"layers": [{"class_name": "Conv2D", "config": {"strides": [1, 1], "bias_initializer": {"class_name": "Zeros", "config": {}}, "filters": 32, "bias_regularizer": null, "activation": "relu", "bias_constraint": null, "batch_input_shape": [null, 64, 64, 3], "data_format": "channels_last", "activity_regularizer": null, "padding": "valid", "name": "conv2d_1", "kernel_regularizer": null, "kernel_initializer": {"class_name": "VarianceScaling", "config": {"mode": "fan_avg", "scale": 1.0, "distribution": "uniform", "seed": null}}, "kernel_constraint": null, "dtype": "float32", "kernel_size": [3, 3], "trainable": true, "use_bias": true, "dilation_rate": [1, 1]}}, {"class_name": "MaxPooling2D", "config": {"strides": [2, 2], "data_format": "channels_last", "padding": "valid", "name": "max_pooling2d_1", "pool_size": [2, 2], "trainable": true}}, {"class_name": "Conv2D", "config": {"strides": [1, 1], "bias_initializer": {"class_name": "Zeros", "config": {}}, "filters": 32, "bias_regularizer": null, "activation": "relu", "bias_constraint": null, "trainable": true, "data_format": "channels_last", "activity_regularizer": null, "padding": "valid", "name": "conv2d_2", "kernel_regularizer": null, "kernel_initializer": {"class_name": "VarianceScaling", "config": {"mode": "fan_avg", "scale": 1.0, "distribution": "uniform", "seed": null}}, "kernel_constraint": null, "kernel_size": [3, 3], "use_bias": true, "dilation_rate": [1, 1]}}, {"class_name": "MaxPooling2D", "config": {"strides": [2, 2], "data_format": "channels_last", "padding": "valid", "name": "max_pooling2d_2", "pool_size": [2, 2], "trainable": true}}, {"class_name": "Flatten", "config": {"data_format": "channels_last", "name": "flatten_1", "trainable": true}}, {"class_name": "Dense", "config": {"units": 128, "bias_initializer": {"class_name": "Zeros", "config": {}}, "bias_regularizer": null, "activation": "relu", "bias_constraint": null, "trainable": true, "kernel_initializer": {"class_name": "VarianceScaling", "config": {"mode": "fan_avg", "scale": 1.0, "distribution": "uniform", "seed": null}}, "name": "dense_1", "kernel_regularizer": null, "use_bias": true, "activity_regularizer": null, "kernel_constraint": null}}, {"class_name": "Dense", "config": {"units": 1, "bias_initializer": {"class_name": "Zeros", "config": {}}, "bias_regularizer": null, "activation": "sigmoid", "bias_constraint": null, "trainable": true, "kernel_initializer": {"class_name": "VarianceScaling", "config": {"mode": "fan_avg", "scale": 1.0, "distribution": "uniform", "seed": null}}, "name": "dense_2", "kernel_regularizer": null, "use_bias": true, "activity_regularizer": null, "kernel_constraint": null}}], "name": "sequential_1"}}